<?xml version="1.0" encoding="UTF-8"?>
<!DOCTYPE mapper PUBLIC "-//mybatis.org//DTD Mapper 3.0//EN" "http://mybatis.org/dtd/mybatis-3-mapper.dtd">
<mapper namespace="org.springblade.auth.mapper.MjkjAuthMapper">


    <select id="getDevice" resultType="map">
        SELECT
            device.*
        FROM
            coin_member_device device LEFT JOIN
            coin_member  member ON device.member_id=member.id
         where device.is_deleted =0
        and member.blade_user_id=#{userId}
        and device.device_id=#{str}
    </select>
    <select id="getMember" resultType="map">
   SELECT
            *
        FROM
            coin_member
            where  is_deleted=0
            and blade_user_id=#{userId}
    </select>
    <insert id="addDevice" parameterType="java.util.Map" useGeneratedKeys="true" keyProperty="id" keyColumn="id">
  	INSERT INTO coin_member_device (
			id,
			member_id,
			device_name,
			last_login_time,
			ip,
			create_time,
			update_time,
			login_address,
			jtl,
			device_id
		) VALUES (
			#{id},
			#{memberId},
			#{browser},
			#{now},
			#{ip},
			#{now1},
			#{now2},
			#{realAddressByIP},
			#{accessToken},
			#{str}
		);
    </insert>

    <update id="updateDevice">
    UPDATE
        coin_member_device
        SET
        `last_login_time` = #{update_time},
        `update_time` = #{now},
        `jtl` = #{accessToken}
        WHERE `id` = #{id}
    </update>
</mapper>
