{
  "zhipu": {
    "comm": {
      "apiKey": "API密钥"
    },
    "options": [
      {
        "field": "model",
        "title": "模型",
        "select": ["embedding-2","text_embedding"],
        "default": "embedding-2"
      }
    ],
    "maxSegmentSizeInTokens": 1000,
    "maxOverlapSizeInTokens": 0
  },
  "openai": {
    "comm": {
      "apiKey": "API密钥",
      "configuration": {
        "baseURL": "基础路径一般需要带/v1"
      }
    },
    "options": [
      {
        "field": "model",
        "title": "模型",
        "select": [
          "text-davinci-003",
          "text-embedding-3-small",
          "text-embedding-3-large"
        ],
        "default": "text-embedding-3-large"
      }
    ],
    "maxSegmentSizeInTokens": 1000,
    "maxOverlapSizeInTokens": 0
  },
  "ollama": {
    "comm": {
      "baseUrl": "请求地址，如：http://localhost:11434"
    },
    "options": [
      {
        "field": "model",
        "title": "模型",
        "select": ["nomic-embed-text"],
        "default": "nomic-embed-text"
      }
    ],
    "maxSegmentSizeInTokens": 1000,
    "maxOverlapSizeInTokens": 0
  },
  "qwen": {
    "comm": {
      "apiKey": "API密钥"
    },
    "options": [
      {
        "field": "model",
        "title": "模型",
        "select": ["text-embedding-v1","text-embedding-v2"],
        "default": "text-embedding-v1"
      }
    ],
    "maxSegmentSizeInTokens": 1000,
    "maxOverlapSizeInTokens": 0
  },
  "qianfan": {
    "comm": {
      "apiKey": "API密钥",
      "secretKey": "secretKey"
    },
    "options": [
      {
        "field": "model",
        "title": "模型",
        "select": ["Embedding-V1"],
        "default": "Embedding-V1"
      }
    ],
    "maxSegmentSizeInTokens": 1000,
    "maxOverlapSizeInTokens": 0
  }
}