[
    {
        "name": "知识信息",
        "router": null,
        "perms": null,
        "type": 0,
        "icon": "icon-dict",
        "orderNum": 1,
        "viewPath": null,
        "keepAlive": true,
        "isShow": true,
        "childMenus": [
            {
                "name": "信息列表",
                "router": "/know/data/type",
                "perms": null,
                "type": 1,
                "icon": "icon-menu",
                "orderNum": 1,
                "viewPath": "modules/know/views/data/type.vue",
                "keepAlive": true,
                "isShow": true,
                "childMenus": [
                    {
                        "name": "删除",
                        "router": null,
                        "perms": "know:data:info:delete",
                        "type": 2,
                        "icon": null,
                        "orderNum": 0,
                        "viewPath": null,
                        "keepAlive": true,
                        "isShow": true,
                        "childMenus": []
                    },
                    {
                        "name": "修改",
                        "router": null,
                        "perms": "know:data:info:update,know:data:info:info",
                        "type": 2,
                        "icon": null,
                        "orderNum": 0,
                        "viewPath": null,
                        "keepAlive": true,
                        "isShow": true,
                        "childMenus": []
                    },
                    {
                        "name": "单个信息",
                        "router": null,
                        "perms": "know:data:info:info",
                        "type": 2,
                        "icon": null,
                        "orderNum": 0,
                        "viewPath": null,
                        "keepAlive": true,
                        "isShow": true,
                        "childMenus": []
                    },
                    {
                        "name": "列表查询",
                        "router": null,
                        "perms": "know:data:info:list",
                        "type": 2,
                        "icon": null,
                        "orderNum": 0,
                        "viewPath": null,
                        "keepAlive": true,
                        "isShow": true,
                        "childMenus": []
                    },
                    {
                        "name": "分页查询",
                        "router": null,
                        "perms": "know:data:info:page",
                        "type": 2,
                        "icon": null,
                        "orderNum": 0,
                        "viewPath": null,
                        "keepAlive": true,
                        "isShow": true,
                        "childMenus": []
                    },
                    {
                        "name": "新增",
                        "router": null,
                        "perms": "know:data:info:add",
                        "type": 2,
                        "icon": null,
                        "orderNum": 0,
                        "viewPath": null,
                        "keepAlive": true,
                        "isShow": true,
                        "childMenus": []
                    },
                    {
                        "name": "知识库配置",
                        "router": null,
                        "perms": "know:config:getByFunc,know:config:config,know:config:all,know:config:delete,know:config:update,know:config:info,know:config:page,know:config:add",
                        "type": 2,
                        "icon": null,
                        "orderNum": 0,
                        "viewPath": null,
                        "keepAlive": true,
                        "isShow": true,
                        "childMenus": []
                    },
                    {
                        "name": "类型删除",
                        "router": null,
                        "perms": "know:data:type:delete",
                        "type": 2,
                        "icon": null,
                        "orderNum": 0,
                        "viewPath": null,
                        "keepAlive": true,
                        "isShow": true,
                        "childMenus": []
                    },
                    {
                        "name": "类型修改",
                        "router": null,
                        "perms": "know:data:type:update",
                        "type": 2,
                        "icon": null,
                        "orderNum": 0,
                        "viewPath": null,
                        "keepAlive": true,
                        "isShow": true,
                        "childMenus": []
                    },
                    {
                        "name": "类型详情",
                        "router": null,
                        "perms": "know:data:type:info",
                        "type": 2,
                        "icon": null,
                        "orderNum": 0,
                        "viewPath": null,
                        "keepAlive": true,
                        "isShow": true,
                        "childMenus": []
                    },
                    {
                        "name": "类型新增",
                        "router": null,
                        "perms": "know:data:type:add",
                        "type": 2,
                        "icon": null,
                        "orderNum": 0,
                        "viewPath": null,
                        "keepAlive": true,
                        "isShow": true,
                        "childMenus": []
                    },
                    {
                        "name": "类型分页",
                        "router": null,
                        "perms": "know:data:type:page",
                        "type": 2,
                        "icon": null,
                        "orderNum": 0,
                        "viewPath": null,
                        "keepAlive": true,
                        "isShow": true,
                        "childMenus": []
                    }
                ]
            },
            {
                "name": "知识库详情",
                "router": "/know/data/info",
                "perms": null,
                "type": 1,
                "icon": "icon-search",
                "orderNum": 2,
                "viewPath": "modules/know/views/data/info.vue",
                "keepAlive": true,
                "isShow": false,
                "childMenus": [
                    {
                        "name": "删除",
                        "router": null,
                        "perms": "know:data:info:delete",
                        "type": 2,
                        "icon": null,
                        "orderNum": 0,
                        "viewPath": null,
                        "keepAlive": true,
                        "isShow": true,
                        "childMenus": []
                    },
                    {
                        "name": "修改",
                        "router": null,
                        "perms": "know:data:info:update,know:data:info:info",
                        "type": 2,
                        "icon": null,
                        "orderNum": 0,
                        "viewPath": null,
                        "keepAlive": true,
                        "isShow": true,
                        "childMenus": []
                    },
                    {
                        "name": "单个信息",
                        "router": null,
                        "perms": "know:data:info:info",
                        "type": 2,
                        "icon": null,
                        "orderNum": 0,
                        "viewPath": null,
                        "keepAlive": true,
                        "isShow": true,
                        "childMenus": []
                    },
                    {
                        "name": "列表查询",
                        "router": null,
                        "perms": "know:data:info:list",
                        "type": 2,
                        "icon": null,
                        "orderNum": 0,
                        "viewPath": null,
                        "keepAlive": true,
                        "isShow": true,
                        "childMenus": []
                    },
                    {
                        "name": "分页查询",
                        "router": null,
                        "perms": "know:data:info:page",
                        "type": 2,
                        "icon": null,
                        "orderNum": 0,
                        "viewPath": null,
                        "keepAlive": true,
                        "isShow": true,
                        "childMenus": []
                    },
                    {
                        "name": "新增",
                        "router": null,
                        "perms": "know:data:info:add",
                        "type": 2,
                        "icon": null,
                        "orderNum": 0,
                        "viewPath": null,
                        "keepAlive": true,
                        "isShow": true,
                        "childMenus": []
                    }
                ]
            }
        ]
    }
]