{
  "globalStyle": {
    "navigationStyle": "custom",
    "navigationBarTitleText": "",
    "navigationBarBackgroundColor": "#ffffff",
    "navigationBarTextStyle": "white",
    "backgroundColor": "#FFFFFF"
  },
  "easycom": {
    "autoscan": true,
    "custom": {
      "^wd-(.*)": "wot-design-uni/components/wd-$1/wd-$1.vue",
      "^(?!z-paging-refresh|z-paging-load-more)z-paging(.*)": "z-paging/components/z-paging$1/z-paging$1.vue"
    }
  },
  "tabBar": {
    "color": "#999999",
    "selectedColor": "#018d71",
    "backgroundColor": "#F8F8F8",
    "borderStyle": "black",
    "list": [
      {
        "iconPath": "/static/tabbar/home.png",
        "selectedIconPath": "/static/tabbar/home_act.png",
        "pagePath": "pages/home/index",
        "text": "tabbar.home",
        "visible": false
      },
      {
        "iconPath": "/static/tabbar/market.png",
        "selectedIconPath": "/static/tabbar/market_act.png",
        "pagePath": "pages/market/index",
        "text": "tabbar.market",
        "visible": false
      },
      {
        "iconPath": "/static/tabbar/trade.png",
        "selectedIconPath": "/static/tabbar/trade_act.png",
        "pagePath": "pages/trade/index",
        "text": "tabbar.trade",
        "visible": false
      },
      {
        "iconPath": "/static/tabbar/futures.png",
        "selectedIconPath": "/static/tabbar/futures_act.png",
        "pagePath": "pages/futures/index",
        "text": "tabbar.futures",
        "visible": false
      },
      {
        "iconPath": "/static/tabbar/assets.png",
        "selectedIconPath": "/static/tabbar/assets_act.png",
        "pagePath": "pages/asset/index",
        "text": "tabbar.assets",
        "visible": false
      }
    ]
  },
  "pages": [
    {
      "path": "pages/home/index",
      "type": "home",
      "layout": "tabbar"
    },
    {
      "path": "pages/asset/index",
      "type": "page",
      "layout": "tabbar"
    },
    {
      "path": "pages/auth/forget-password",
      "type": "page"
    },
    {
      "path": "pages/auth/sign-in",
      "type": "page"
    },
    {
      "path": "pages/auth/sign-up",
      "type": "page"
    },
    {
      "path": "pages/auth/two-factor",
      "type": "page",
      "layout": "default"
    },
    {
      "path": "pages/convert/history",
      "type": "page",
      "layout": "default"
    },
    {
      "path": "pages/convert/index",
      "type": "page"
    },
    {
      "path": "pages/copy/detail",
      "type": "page"
    },
    {
      "path": "pages/copy/index",
      "type": "page"
    },
    {
      "path": "pages/earn/detail",
      "type": "page"
    },
    {
      "path": "pages/earn/index",
      "type": "page"
    },
    {
      "path": "pages/earn/result",
      "type": "page"
    },
    {
      "path": "pages/futures/index",
      "type": "page",
      "layout": "tabbar"
    },
    {
      "path": "pages/ico/history",
      "type": "page",
      "layout": "default"
    },
    {
      "path": "pages/ico/index",
      "type": "page"
    },
    {
      "path": "pages/icoV2/detail",
      "type": "page"
    },
    {
      "path": "pages/icoV2/history",
      "type": "page",
      "layout": "default"
    },
    {
      "path": "pages/icoV2/index",
      "type": "page"
    },
    {
      "path": "pages/language/index",
      "type": "page"
    },
    {
      "path": "pages/loan/index",
      "type": "page"
    },
    {
      "path": "pages/loan/result",
      "type": "page"
    },
    {
      "path": "pages/market/detail",
      "type": "page",
      "layout": "default"
    },
    {
      "path": "pages/market/index",
      "type": "page",
      "layout": "tabbar"
    },
    {
      "path": "pages/message/detail",
      "type": "page"
    },
    {
      "path": "pages/message/notice",
      "type": "page",
      "layout": "default"
    },
    {
      "path": "pages/message/notify",
      "type": "page"
    },
    {
      "path": "pages/news/details",
      "type": "page"
    },
    {
      "path": "pages/news/index",
      "type": "page"
    },
    {
      "path": "pages/option/index",
      "type": "page",
      "layout": "default"
    },
    {
      "path": "pages/optionV2/detail",
      "type": "page"
    },
    {
      "path": "pages/optionV2/index",
      "type": "page"
    },
    {
      "path": "pages/optionV2/result",
      "type": "page"
    },
    {
      "path": "pages/quantitative/detail",
      "type": "page"
    },
    {
      "path": "pages/quantitative/index",
      "type": "page"
    },
    {
      "path": "pages/quantitative/result",
      "type": "page"
    },
    {
      "path": "pages/search/index",
      "type": "page"
    },
    {
      "path": "pages/theme/index",
      "type": "page"
    },
    {
      "path": "pages/trade/index",
      "type": "page",
      "layout": "tabbar"
    },
    {
      "path": "pages/user/delete",
      "type": "page"
    },
    {
      "path": "pages/user/index",
      "type": "page"
    },
    {
      "path": "pages/user/profile",
      "type": "page"
    },
    {
      "path": "pages/vip/index",
      "type": "page"
    },
    {
      "path": "pages/vip/plans",
      "type": "page"
    },
    {
      "path": "pages/webview/index",
      "type": "page",
      "layout": "default"
    },
    {
      "path": "pages/asset/deposit/index",
      "type": "page"
    },
    {
      "path": "pages/asset/details/index",
      "type": "page"
    },
    {
      "path": "pages/asset/transfer/index",
      "type": "page"
    },
    {
      "path": "pages/asset/transfer/success",
      "type": "page"
    },
    {
      "path": "pages/asset/withdraw/addressbook",
      "type": "page"
    },
    {
      "path": "pages/asset/withdraw/index",
      "type": "page"
    },
    {
      "path": "pages/earn/history/detail",
      "type": "page"
    },
    {
      "path": "pages/earn/history/index",
      "type": "page"
    },
    {
      "path": "pages/home/ctwoc/index",
      "type": "page"
    },
    {
      "path": "pages/home/express/index",
      "type": "page"
    },
    {
      "path": "pages/loan/history/detail",
      "type": "page"
    },
    {
      "path": "pages/loan/history/index",
      "type": "page"
    },
    {
      "path": "pages/loan/order/detail",
      "type": "page"
    },
    {
      "path": "pages/loan/order/index",
      "type": "page"
    },
    {
      "path": "pages/loan/order/result",
      "type": "page"
    },
    {
      "path": "pages/option/history/detail",
      "type": "page",
      "layout": "default"
    },
    {
      "path": "pages/option/history/index",
      "type": "page",
      "layout": "default"
    },
    {
      "path": "pages/optionV2/order/detail",
      "type": "page"
    },
    {
      "path": "pages/optionV2/order/index",
      "type": "page"
    },
    {
      "path": "pages/quantitative/history/detail",
      "type": "page"
    },
    {
      "path": "pages/quantitative/history/index",
      "type": "page"
    },
    {
      "path": "pages/trade/history/detail",
      "type": "page",
      "layout": "default"
    },
    {
      "path": "pages/trade/history/index",
      "type": "page",
      "layout": "default"
    },
    {
      "path": "pages/user/bank/index",
      "type": "page"
    },
    {
      "path": "pages/user/kyc/index",
      "type": "page"
    },
    {
      "path": "pages/user/security/anti-phishing-code",
      "type": "page"
    },
    {
      "path": "pages/user/security/binding-email",
      "type": "page"
    },
    {
      "path": "pages/user/security/change-fund-password",
      "type": "page"
    },
    {
      "path": "pages/user/security/fund-password",
      "type": "page"
    },
    {
      "path": "pages/user/security/google-authenticator",
      "type": "page"
    },
    {
      "path": "pages/user/security/index",
      "type": "page"
    },
    {
      "path": "pages/user/security/login-password",
      "type": "page"
    },
    {
      "path": "pages/user/security/message-verification",
      "type": "page"
    },
    {
      "path": "pages/user/security/two-factor",
      "type": "page"
    },
    {
      "path": "pages/asset/deposit/history/details",
      "type": "page"
    },
    {
      "path": "pages/asset/deposit/history/index",
      "type": "page"
    },
    {
      "path": "pages/home/ctwoc/appeal/index",
      "type": "page"
    },
    {
      "path": "pages/home/ctwoc/appeal-details/index",
      "type": "page"
    },
    {
      "path": "pages/home/ctwoc/appeal-progress/index",
      "type": "page"
    },
    {
      "path": "pages/home/ctwoc/buy/index",
      "type": "page"
    },
    {
      "path": "pages/home/ctwoc/buy-and-sell/index",
      "type": "page"
    },
    {
      "path": "pages/home/ctwoc/buy-preview/index",
      "type": "page"
    },
    {
      "path": "pages/home/ctwoc/cancelorder/index",
      "type": "page"
    },
    {
      "path": "pages/home/ctwoc/contact-merchant/index",
      "type": "page"
    },
    {
      "path": "pages/home/ctwoc/history/index",
      "type": "page"
    },
    {
      "path": "pages/home/ctwoc/ordersucc/index",
      "type": "page"
    },
    {
      "path": "pages/home/ctwoc/paid/index",
      "type": "page"
    },
    {
      "path": "pages/home/ctwoc/payment/index",
      "type": "page"
    },
    {
      "path": "pages/home/express/component/buyPopup",
      "type": "page"
    },
    {
      "path": "pages/home/express/component/sellPopup",
      "type": "page"
    },
    {
      "path": "pages/user/kyc/details/index",
      "type": "page"
    }
  ],
  "subPackages": []
}